{"cameraMode":{"drawMode":0,"name":"Shaded","section":"Shading Mode"},"sceneLighting":true,"audioPlay":false,"sceneViewState":{"m_AlwaysRefresh":false,"showFog":true,"showSkybox":true,"showFlares":true,"showImageEffects":true,"showParticleSystems":true,"showVisualEffectGraphs":true,"m_FxEnabled":true},"in2DMode":false,"pivot":{"x":404.82958984375,"y":0.7099997997283936,"z":315.90911865234377},"rotation":{"x":0.7447313070297241,"y":-0.0028530664276331665,"z":0.0023121892008930446,"w":0.6675364971160889},"size":2.236586809158325,"orthographic":true}